,dx,Tol. ATT. Error,Tol. Time Level,Tol. Est. ATT.,Max ATT. Error,Max Time Level,Max Est. ATT.
0,0.00048828125,0.30208333333333326,2040,0.53125,0.24166666666666659,2272,0.5916666666666667
