,dx,Tol. ATT. Error,Tol. Time Level,Tol. Est. ATT.,Max ATT. Error,Max Time Level,Max Est. ATT.
0,0.00048828125,0.3023437499999999,30585,0.5309895833333333,0.177204861111111,37793,0.6561284722222223
