,dx,Tol. ATT. Error,Tol. Time Level,Tol. Est. ATT.,Max ATT. Error,Max Time Level,Max Est. ATT.
0,0.00048828125,0.3275297619047619,28472,0.5296130952380953,0.2803385416666667,31009,0.5768043154761905
