,Epsilon,Err. gamma=0,Err. gamma=1.75
0,0.1,0.003779156,0.000937919
0,0.2,0.004281731,0.000967989
0,0.3,0.004808125,0.000979588
0,0.4,0.00395102,0.000983687
0,0.5,0.003775983,0.000974692
